{
	"schemaVersion": 1,
	"id": "regionalmobs",
	"version": "${version}",
	"name": "RegionalMobs",
	"description": "This is an example description! Tell everyone what your mod is about!",
	"authors": [
		"Me!"
	],
	"contact": {
		"homepage": "https://fabricmc.net/",
		"sources": "https://github.com/FabricMC/fabric-example-mod"
	},
	"license": "CC0-1.0",
	"icon": "assets/regionalmobs/icon.png",
	"environment": "*",
	"entrypoints": {
		"main": [
			"rexreges.RegionalMobs"
		],
		"client": [
			"rexreges.RegionalMobsClient"
		],
		"fabric-datagen": [
			"rexreges.RegionalMobsDataGenerator"
		]
	},
	"mixins": [
		"regionalmobs.mixins.json",
		{
			"config": "regionalmobs.client.mixins.json",
			"environment": "client"
		}
	],
	"depends": {
		"fabricloader": ">=0.15.0",
		"minecraft": "~1.20.2",
		"java": ">=17",
		"fabric-api": "*"
	},
	"suggests": {
		"another-mod": "*"
	}
}